Zeit (s);Pos X;Pos Y;Pos Z;Bewegung X;Bewegung Y;Bewegung Z; Looking at Artwork;
161,22;-12,51;-9,09;-7,63;0,00;0,00;0,00;none
161,22;-12,50;-9,09;-7,47;0,01;0,00;0,16;none
161,24;-12,49;-9,09;-7,39;0,01;0,00;0,08;none
161,25;-12,49;-9,09;-7,35;0,00;0,00;0,04;none
161,26;-12,49;-9,09;-7,33;0,00;0,00;0,02;none
161,27;-12,49;-9,09;-7,32;0,00;0,00;0,01;none
161,29;-12,49;-9,09;-7,31;0,00;0,00;0,01;none
161,30;-12,49;-9,09;-7,31;0,00;0,00;0,00;none
161,31;-12,49;-9,09;-7,31;0,00;0,00;0,00;none
161,33;-12,49;-9,09;-7,31;0,00;0,00;0,00;none
161,34;-12,49;-9,09;-7,31;0,00;0,00;0,00;none
161,36;-12,49;-9,09;-7,31;0,00;0,00;0,00;none
161,37;-12,49;-9,09;-7,31;0,00;0,00;0,00;none
161,38;-12,49;-9,09;-7,31;0,00;0,00;0,00;none
161,40;-12,49;-9,09;-7,31;0,00;0,00;0,00;none
161,41;-12,49;-9,09;-7,31;0,00;0,00;0,00;none
161,42;-12,49;-9,09;-7,31;0,00;0,00;0,00;none
161,44;-12,49;-9,09;-7,31;0,00;0,00;0,00;none
161,45;-12,49;-9,09;-7,31;0,00;0,00;0,00;none
161,47;-12,48;-9,09;-7,31;0,00;0,00;0,00;none
161,48;-12,48;-9,09;-7,32;0,01;0,00;0,00;none
161,49;-12,47;-9,09;-7,32;0,01;0,00;0,00;none
161,51;-12,46;-9,09;-7,33;0,01;0,00;-0,01;none
161,52;-12,46;-9,09;-7,33;0,01;0,00;-0,01;none
161,53;-12,45;-9,09;-7,34;0,01;0,00;-0,01;none
161,55;-12,44;-9,09;-7,34;0,01;0,00;-0,01;none
161,56;-12,43;-9,09;-7,35;0,01;0,00;-0,01;none
161,58;-12,43;-9,09;-7,35;0,01;0,00;0,00;none
161,59;-12,42;-9,09;-7,36;0,01;0,00;0,00;none
161,60;-12,42;-9,09;-7,36;0,00;0,00;0,00;none
161,62;-12,42;-9,09;-7,36;0,00;0,00;0,00;none
161,63;-12,42;-9,09;-7,36;0,00;0,00;0,00;none
161,65;-12,42;-9,09;-7,36;0,00;0,00;0,00;none
161,66;-12,42;-9,09;-7,36;0,00;0,00;0,00;none
161,67;-12,42;-9,09;-7,36;0,00;0,00;0,00;none
161,69;-12,42;-9,09;-7,36;0,00;0,00;0,00;none
161,70;-12,42;-9,09;-7,36;0,00;0,00;0,00;none
161,72;-12,42;-9,09;-7,36;0,00;0,00;0,00;none
161,73;-12,42;-9,09;-7,36;0,00;0,00;0,00;none
161,74;-12,42;-9,09;-7,36;0,00;0,00;0,00;none
161,76;-12,42;-9,09;-7,36;0,00;0,00;0,00;none
161,77;-12,42;-9,09;-7,36;0,00;0,00;0,00;none
161,79;-12,42;-9,09;-7,36;0,00;0,00;0,00;none
161,80;-12,42;-9,09;-7,36;0,00;0,00;0,00;none
161,81;-12,42;-9,09;-7,36;0,00;0,00;0,00;none
161,83;-12,42;-9,09;-7,36;0,00;0,00;0,00;none
161,84;-12,42;-9,09;-7,36;0,00;0,00;0,00;none
161,86;-12,42;-9,09;-7,36;0,00;0,00;0,00;none
161,87;-12,42;-9,09;-7,36;0,00;0,00;0,00;none
161,88;-12,42;-9,09;-7,36;0,00;0,00;0,00;none
161,90;-12,42;-9,09;-7,36;0,00;0,00;0,00;none
161,91;-12,42;-9,09;-7,36;0,00;0,00;0,00;none
161,92;-12,42;-9,09;-7,36;0,00;0,00;0,00;none
161,94;-12,42;-9,09;-7,36;0,00;0,00;0,00;none
161,95;-12,42;-9,09;-7,36;0,00;0,00;0,00;none
161,97;-12,42;-9,09;-7,36;0,00;0,00;0,00;none
161,98;-12,42;-9,09;-7,36;0,00;0,00;0,00;none
162,00;-12,42;-9,09;-7,36;0,00;0,00;0,00;none
162,01;-12,42;-9,09;-7,36;0,00;0,00;0,00;none
162,02;-12,42;-9,09;-7,36;0,00;0,00;0,00;none
162,04;-12,42;-9,09;-7,36;0,00;0,00;0,00;none
162,05;-12,42;-9,09;-7,36;0,00;0,00;0,00;none
162,06;-12,42;-9,09;-7,36;0,00;0,00;0,00;none
162,08;-12,42;-9,09;-7,36;0,00;0,00;0,00;none
162,09;-12,42;-9,09;-7,36;0,00;0,00;0,00;none
162,11;-12,42;-9,09;-7,36;0,00;0,00;0,00;none
162,12;-12,42;-9,09;-7,36;0,00;0,00;0,00;none
162,13;-12,42;-9,09;-7,36;0,00;0,00;0,00;none
162,15;-12,42;-9,09;-7,36;0,00;0,00;0,00;none
162,16;-12,42;-9,09;-7,36;0,00;0,00;0,00;none
162,18;-12,42;-9,09;-7,36;0,00;0,00;0,00;none
162,19;-12,42;-9,09;-7,36;0,00;0,00;0,00;none
162,21;-12,42;-9,09;-7,36;0,00;0,00;0,00;none
162,22;-12,42;-9,09;-7,36;0,00;0,00;0,00;none
162,23;-12,42;-9,09;-7,36;0,00;0,00;0,00;none
162,25;-12,42;-9,09;-7,36;0,00;0,00;0,00;none
162,26;-12,42;-9,09;-7,36;0,00;0,00;0,00;none
162,27;-12,42;-9,09;-7,36;0,00;0,00;0,00;none
162,29;-12,42;-9,09;-7,36;0,00;0,00;0,00;none
162,30;-12,42;-9,09;-7,36;0,00;0,00;0,00;none
162,32;-12,42;-9,09;-7,36;0,00;0,00;0,00;none
162,33;-12,42;-9,09;-7,36;0,00;0,00;0,00;none
162,34;-12,42;-9,09;-7,36;0,00;0,00;0,00;none
162,36;-12,42;-9,09;-7,36;0,00;0,00;0,00;none
162,37;-12,42;-9,09;-7,36;0,00;0,00;0,00;none
162,39;-12,42;-9,09;-7,36;0,00;0,00;0,00;none
162,40;-12,42;-9,09;-7,36;0,00;0,00;0,00;none
162,41;-12,42;-9,09;-7,36;0,00;0,00;0,00;none
162,43;-12,42;-9,09;-7,36;0,00;0,00;0,00;none
162,44;-12,42;-9,09;-7,36;0,00;0,00;0,00;none
162,46;-12,42;-9,09;-7,36;0,00;0,00;0,00;none
162,47;-12,42;-9,09;-7,36;0,00;0,00;0,00;none
162,48;-12,42;-9,09;-7,36;0,00;0,00;0,00;none
162,50;-12,42;-9,09;-7,36;0,00;0,00;0,00;none
162,51;-12,42;-9,09;-7,36;0,00;0,00;0,00;none
162,53;-12,42;-9,09;-7,36;0,00;0,00;0,00;none
162,54;-12,42;-9,09;-7,36;0,00;0,00;0,00;none
162,55;-12,42;-9,09;-7,36;0,00;0,00;0,00;none
162,57;-12,42;-9,09;-7,36;0,00;0,00;0,00;none
162,58;-12,42;-9,09;-7,36;0,00;0,00;0,00;none
162,59;-12,42;-9,09;-7,36;0,00;0,00;0,00;none
162,61;-12,42;-9,09;-7,36;0,00;0,00;0,00;none
162,62;-12,42;-9,09;-7,36;0,00;0,00;0,00;none
162,64;-12,42;-9,09;-7,36;0,00;0,00;0,00;none
162,65;-12,42;-9,09;-7,36;0,00;0,00;0,00;none
162,66;-12,42;-9,09;-7,36;0,00;0,00;0,00;none
162,68;-12,42;-9,09;-7,36;0,00;0,00;0,00;none
162,69;-12,42;-9,09;-7,36;0,00;0,00;0,00;none
162,71;-12,42;-9,09;-7,36;0,00;0,00;0,00;none
162,72;-12,42;-9,09;-7,36;0,00;0,00;0,00;none
162,73;-12,42;-9,09;-7,36;0,00;0,00;0,00;none
162,75;-12,42;-9,09;-7,36;0,00;0,00;0,00;none
162,76;-12,42;-9,09;-7,36;0,00;0,00;0,00;none
162,78;-12,42;-9,09;-7,36;0,00;0,00;0,00;none
162,79;-12,42;-9,09;-7,36;0,00;0,00;0,00;none
162,80;-12,42;-9,09;-7,36;0,00;0,00;0,00;none
162,82;-12,42;-9,09;-7,36;0,00;0,00;0,00;none
162,83;-12,42;-9,09;-7,36;0,00;0,00;0,00;none
162,85;-12,42;-9,09;-7,36;0,00;0,00;0,00;none
162,86;-12,42;-9,09;-7,36;0,00;0,00;0,00;none
162,87;-12,42;-9,09;-7,36;0,00;0,00;0,00;none
162,89;-12,42;-9,09;-7,36;0,00;0,00;0,00;none
162,90;-12,42;-9,09;-7,36;0,00;0,00;0,00;none
162,92;-12,42;-9,09;-7,36;0,00;0,00;0,00;none
162,93;-12,42;-9,09;-7,36;0,00;0,00;0,00;none
162,94;-12,42;-9,09;-7,36;0,00;0,00;0,00;none
162,96;-12,42;-9,09;-7,36;0,00;0,00;0,00;none
162,97;-12,42;-9,09;-7,36;0,00;0,00;0,00;none
162,99;-12,41;-9,09;-7,35;0,01;0,00;0,00;none
163,00;-12,40;-9,09;-7,35;0,01;0,00;0,00;none
163,01;-12,39;-9,09;-7,35;0,01;0,00;0,00;none
163,03;-12,38;-9,09;-7,35;0,02;0,00;0,00;none
163,04;-12,36;-9,09;-7,34;0,01;0,00;0,00;none
163,05;-12,34;-9,09;-7,34;0,02;0,00;0,00;none
163,07;-12,32;-9,09;-7,33;0,02;0,00;0,01;none
163,08;-12,29;-9,09;-7,33;0,03;0,00;0,01;none
163,10;-12,26;-9,09;-7,32;0,03;0,00;0,01;none
163,11;-12,23;-9,09;-7,32;0,03;0,00;0,01;none
163,12;-12,21;-9,09;-7,31;0,03;0,00;0,01;none
163,14;-12,18;-9,09;-7,30;0,03;0,00;0,01;none
163,15;-12,15;-9,09;-7,29;0,03;0,00;0,01;none
163,17;-12,13;-9,09;-7,29;0,02;0,00;0,01;none
163,18;-12,10;-9,09;-7,28;0,03;0,00;0,01;none
163,19;-12,07;-9,09;-7,28;0,03;0,00;0,01;none
163,21;-12,05;-9,09;-7,27;0,03;0,00;0,01;none
163,22;-12,02;-9,09;-7,27;0,03;0,00;0,01;none
163,24;-11,99;-9,09;-7,26;0,03;0,00;0,01;none
163,25;-11,96;-9,09;-7,26;0,03;0,00;0,01;none
163,26;-11,94;-9,09;-7,25;0,03;0,00;0,01;none
163,28;-11,91;-9,09;-7,25;0,03;0,00;0,01;none
163,29;-11,88;-9,09;-7,24;0,03;0,00;0,01;none
163,31;-11,85;-9,09;-7,24;0,03;0,00;0,00;none
163,32;-11,83;-9,09;-7,23;0,03;0,00;0,00;none
163,33;-11,80;-9,09;-7,23;0,03;0,00;0,01;none
163,35;-11,77;-9,09;-7,22;0,03;0,00;0,01;none
163,36;-11,74;-9,09;-7,22;0,03;0,00;0,01;none
163,38;-11,72;-9,09;-7,21;0,03;0,00;0,01;none
163,39;-11,69;-9,09;-7,20;0,03;0,00;0,01;none
163,40;-11,67;-9,09;-7,19;0,02;0,00;0,01;none
163,42;-11,65;-9,09;-7,18;0,01;0,00;0,01;none
163,43;-11,64;-9,09;-7,17;0,01;0,00;0,01;none
163,44;-11,64;-9,09;-7,17;0,00;0,00;0,00;none
163,46;-11,64;-9,09;-7,17;0,00;0,00;0,00;none
163,47;-11,64;-9,09;-7,17;0,00;0,00;0,00;none
163,49;-11,64;-9,09;-7,17;0,00;0,00;0,00;none
163,50;-11,64;-9,09;-7,17;0,00;0,00;0,00;none
163,52;-11,64;-9,09;-7,17;0,00;0,00;0,00;none
163,53;-11,64;-9,09;-7,17;0,00;0,00;0,00;none
163,54;-11,64;-9,09;-7,17;0,00;0,00;0,00;none
163,56;-11,64;-9,09;-7,17;0,00;0,00;0,00;none
163,57;-11,64;-9,09;-7,17;0,00;0,00;0,00;none
163,58;-11,64;-9,09;-7,17;0,00;0,00;0,00;none
163,60;-11,64;-9,09;-7,17;0,00;0,00;0,00;none
163,61;-11,64;-9,09;-7,17;0,00;0,00;0,00;none
163,63;-11,64;-9,09;-7,16;0,00;0,00;0,01;none
163,64;-11,64;-9,09;-7,14;0,00;0,00;0,02;none
163,65;-11,64;-9,09;-7,11;0,00;0,00;0,03;none
163,67;-11,64;-9,09;-7,09;0,00;0,00;0,02;none
163,68;-11,64;-9,09;-7,06;0,00;0,00;0,03;none
163,70;-11,64;-9,09;-7,03;0,00;0,00;0,03;none
163,71;-11,64;-9,09;-7,00;0,00;0,00;0,03;none
163,72;-11,64;-9,09;-6,98;0,00;0,00;0,03;none
163,74;-11,65;-9,09;-6,95;0,00;0,00;0,03;none
163,75;-11,65;-9,09;-6,92;0,00;0,00;0,03;none
163,77;-11,66;-9,09;-6,89;-0,01;0,00;0,03;none
163,78;-11,66;-9,09;-6,86;-0,01;0,00;0,03;none
163,79;-11,67;-9,09;-6,84;-0,01;0,00;0,02;none
163,81;-11,68;-9,09;-6,81;-0,01;0,00;0,03;none
163,82;-11,68;-9,09;-6,78;-0,01;0,00;0,03;none
163,84;-11,69;-9,09;-6,76;-0,01;0,00;0,03;none
163,85;-11,70;-9,09;-6,73;-0,01;0,00;0,03;none
163,86;-11,71;-9,09;-6,71;-0,01;0,00;0,02;none
163,88;-11,72;-9,09;-6,68;-0,01;0,00;0,03;none
163,89;-11,73;-9,09;-6,65;-0,01;0,00;0,03;none
163,90;-11,74;-9,09;-6,63;-0,01;0,00;0,03;none
163,92;-11,74;-9,09;-6,60;-0,01;0,00;0,03;none
163,93;-11,75;-9,09;-6,57;-0,01;0,00;0,02;none
163,95;-11,75;-9,09;-6,56;0,00;0,00;0,01;none
163,96;-11,75;-9,09;-6,55;0,00;0,00;0,01;none
163,97;-11,75;-9,09;-6,55;0,00;0,00;0,00;none
163,99;-11,75;-9,09;-6,55;0,00;0,00;0,00;none
164,00;-11,75;-9,09;-6,55;0,00;0,00;0,00;none
164,02;-11,75;-9,09;-6,55;0,00;0,00;0,00;none
164,03;-11,75;-9,09;-6,55;0,00;0,00;0,00;none
164,04;-11,75;-9,09;-6,55;0,00;0,00;0,00;none
164,06;-11,75;-9,09;-6,55;0,00;0,00;0,00;none
164,07;-11,75;-9,09;-6,55;0,00;0,00;0,00;none
164,09;-11,75;-9,09;-6,55;0,00;0,00;0,00;none
164,10;-11,75;-9,09;-6,55;0,00;0,00;0,00;none
164,11;-11,75;-9,09;-6,55;0,00;0,00;0,00;none
164,13;-11,75;-9,09;-6,55;0,00;0,00;0,00;none
164,14;-11,75;-9,09;-6,55;0,00;0,00;0,00;none
164,15;-11,75;-9,09;-6,55;0,00;0,00;0,00;none
164,17;-11,75;-9,09;-6,55;0,00;0,00;0,00;none
164,18;-11,75;-9,09;-6,55;0,00;0,00;0,00;none
164,20;-11,75;-9,09;-6,55;0,00;0,00;0,00;none
164,21;-11,75;-9,09;-6,55;0,00;0,00;0,00;none
164,23;-11,75;-9,09;-6,55;0,00;0,00;0,00;none
164,24;-11,75;-9,09;-6,55;0,00;0,00;0,00;none
164,25;-11,75;-9,09;-6,55;0,00;0,00;0,00;none
164,27;-11,75;-9,09;-6,55;0,00;0,00;0,00;none
164,28;-11,75;-9,09;-6,55;0,00;0,00;0,00;none
164,29;-11,75;-9,09;-6,55;0,00;0,00;0,00;none
164,31;-11,75;-9,09;-6,55;0,00;0,00;0,00;none
164,32;-11,75;-9,09;-6,55;0,00;0,00;0,00;none
164,34;-11,75;-9,09;-6,55;0,00;0,00;0,00;none
164,35;-11,75;-9,09;-6,55;0,00;0,00;0,00;none
164,36;-11,75;-9,09;-6,55;0,00;0,00;0,00;none
164,38;-11,75;-9,09;-6,55;0,00;0,00;0,00;none
164,39;-11,75;-9,09;-6,55;0,00;0,00;0,00;none
164,41;-11,75;-9,09;-6,55;0,00;0,00;0,00;none
164,42;-11,75;-9,09;-6,55;0,00;0,00;0,00;none
164,43;-11,75;-9,09;-6,55;0,00;0,00;0,00;none
164,45;-11,75;-9,09;-6,55;0,00;0,00;0,00;none
164,46;-11,75;-9,09;-6,55;0,00;0,00;0,00;none
164,48;-11,75;-9,09;-6,55;0,00;0,00;0,00;none
164,49;-11,75;-9,09;-6,55;0,00;0,00;0,00;none
164,50;-11,75;-9,09;-6,55;0,00;0,00;0,00;none
164,52;-11,75;-9,09;-6,55;0,00;0,00;0,00;none
164,53;-11,75;-9,09;-6,55;0,00;0,00;0,00;none
164,55;-11,75;-9,09;-6,55;0,00;0,00;0,00;none
164,56;-11,75;-9,09;-6,55;0,00;0,00;0,00;none
164,57;-11,75;-9,09;-6,55;0,00;0,00;0,00;none
164,59;-11,75;-9,09;-6,55;0,00;0,00;0,00;none
164,60;-11,75;-9,09;-6,55;0,00;0,00;0,00;none
164,62;-11,75;-9,09;-6,55;0,00;0,00;0,00;none
164,63;-11,75;-9,09;-6,55;0,00;0,00;0,00;none
164,64;-11,75;-9,09;-6,55;0,00;0,00;0,00;none
164,66;-11,75;-9,09;-6,55;0,00;0,00;0,00;none
164,67;-11,75;-9,09;-6,55;0,00;0,00;0,00;none
164,69;-11,75;-9,09;-6,55;0,00;0,00;0,00;none
164,70;-11,75;-9,09;-6,55;0,00;0,00;0,00;none
164,71;-11,75;-9,09;-6,55;0,00;0,00;0,00;none
164,73;-11,75;-9,09;-6,55;0,00;0,00;0,00;none
164,74;-11,75;-9,09;-6,55;0,00;0,00;0,00;none
164,76;-11,75;-9,09;-6,55;0,00;0,00;0,00;none
164,77;-11,75;-9,09;-6,55;0,00;0,00;0,00;none
164,78;-11,75;-9,09;-6,55;0,00;0,00;0,00;none
164,80;-11,75;-9,09;-6,55;0,00;0,00;0,00;none
164,81;-11,75;-9,09;-6,55;0,00;0,00;0,00;none
164,82;-11,75;-9,09;-6,55;0,00;0,00;0,00;none
164,84;-11,75;-9,09;-6,55;0,00;0,00;0,00;none
164,85;-11,75;-9,09;-6,55;0,00;0,00;0,00;none
164,87;-11,75;-9,09;-6,55;0,00;0,00;0,00;none
164,88;-11,75;-9,09;-6,55;0,00;0,00;0,00;none
164,89;-11,75;-9,09;-6,55;0,00;0,00;0,00;none
164,91;-11,75;-9,09;-6,55;0,00;0,00;0,00;none
164,92;-11,75;-9,09;-6,55;0,00;0,00;0,00;none
164,94;-11,75;-9,09;-6,55;0,00;0,00;0,00;none
164,95;-11,75;-9,09;-6,55;0,00;0,00;0,00;none
164,97;-11,75;-9,09;-6,55;0,00;0,00;0,00;none
164,98;-11,75;-9,09;-6,55;0,00;0,00;0,00;none
164,99;-11,75;-9,09;-6,55;0,00;0,00;0,00;none
165,01;-11,75;-9,09;-6,55;0,00;0,00;0,00;none
165,02;-11,75;-9,09;-6,55;0,00;0,00;0,00;none
165,03;-11,75;-9,09;-6,55;0,00;0,00;0,00;none
165,05;-11,75;-9,09;-6,55;0,00;0,00;0,00;Artwork1
165,06;-11,75;-9,09;-6,55;0,00;0,00;0,00;Artwork1
165,08;-11,75;-9,09;-6,55;0,00;0,00;0,00;Artwork1
165,09;-11,75;-9,09;-6,55;0,00;0,00;0,00;Artwork1
165,10;-11,75;-9,09;-6,55;0,00;0,00;0,00;Artwork1
165,12;-11,75;-9,09;-6,55;0,00;0,00;0,00;Artwork1
165,13;-11,75;-9,09;-6,55;0,00;0,00;0,00;Artwork1
165,15;-11,75;-9,09;-6,55;0,00;0,00;0,00;Artwork1
165,16;-11,75;-9,09;-6,55;0,00;0,00;0,00;Artwork1
165,17;-11,75;-9,09;-6,55;0,00;0,00;0,00;Artwork1
165,19;-11,75;-9,09;-6,55;0,00;0,00;0,00;Artwork1
165,20;-11,75;-9,09;-6,55;0,00;0,00;0,00;Artwork1
165,21;-11,75;-9,09;-6,55;0,00;0,00;0,00;Artwork1
165,23;-11,75;-9,09;-6,55;0,00;0,00;0,00;Artwork1
165,24;-11,75;-9,09;-6,55;0,00;0,00;0,00;Artwork1
165,26;-11,75;-9,09;-6,55;0,00;0,00;0,00;Artwork1
165,27;-11,75;-9,09;-6,55;0,00;0,00;0,00;Artwork1
165,28;-11,75;-9,09;-6,55;0,00;0,00;0,00;Artwork1
165,30;-11,75;-9,09;-6,55;0,00;0,00;0,00;Artwork1
165,31;-11,75;-9,09;-6,55;0,00;0,00;0,00;Artwork1
165,33;-11,75;-9,09;-6,55;0,00;0,00;0,00;Artwork1
165,34;-11,75;-9,09;-6,55;0,00;0,00;0,00;Artwork1
165,35;-11,75;-9,09;-6,55;0,00;0,00;0,00;Artwork1
165,37;-11,75;-9,09;-6,55;0,00;0,00;0,00;Artwork1
165,38;-11,75;-9,09;-6,55;0,00;0,00;0,00;Artwork1
165,40;-11,75;-9,09;-6,55;0,00;0,00;0,00;Artwork1
165,41;-11,75;-9,09;-6,55;0,00;0,00;0,00;Artwork1
165,42;-11,75;-9,09;-6,55;0,00;0,00;0,00;Artwork1
165,44;-11,75;-9,09;-6,55;0,00;0,00;0,00;Artwork1
165,45;-11,75;-9,09;-6,55;0,00;0,00;0,00;Artwork1
165,46;-11,75;-9,09;-6,55;0,00;0,00;0,00;Artwork1
165,48;-11,75;-9,09;-6,55;0,00;0,00;0,00;Artwork1
165,49;-11,75;-9,09;-6,55;0,00;0,00;0,00;Artwork1
165,51;-11,75;-9,09;-6,55;0,00;0,00;0,00;Artwork1
165,52;-11,75;-9,09;-6,55;0,00;0,00;0,00;Artwork1
165,53;-11,75;-9,09;-6,55;0,00;0,00;0,00;Artwork1
165,55;-11,75;-9,09;-6,55;0,00;0,00;0,00;Artwork1
165,56;-11,75;-9,09;-6,55;0,00;0,00;0,00;none
165,58;-11,75;-9,09;-6,55;0,00;0,00;0,00;none
165,59;-11,75;-9,09;-6,55;0,00;0,00;0,00;none
165,60;-11,75;-9,09;-6,55;0,00;0,00;0,00;none
165,62;-11,75;-9,09;-6,55;0,00;0,00;0,00;none
165,63;-11,75;-9,09;-6,55;0,00;0,00;0,00;none
165,65;-11,75;-9,09;-6,55;0,00;0,00;0,00;none
165,66;-11,75;-9,09;-6,55;0,00;0,00;0,00;none
165,67;-11,75;-9,09;-6,55;0,00;0,00;0,00;none
165,69;-11,75;-9,09;-6,55;0,00;0,00;0,00;none
165,70;-11,75;-9,09;-6,55;0,00;0,00;0,00;none
165,72;-11,75;-9,09;-6,55;0,00;0,00;0,00;none
165,73;-11,75;-9,09;-6,55;0,00;0,00;0,00;none
165,74;-11,75;-9,09;-6,55;0,00;0,00;0,00;none
165,76;-11,75;-9,09;-6,55;0,00;0,00;0,00;none
165,77;-11,75;-9,09;-6,55;0,00;0,00;0,00;Artwork1
165,79;-11,75;-9,09;-6,55;0,00;0,00;0,00;Artwork1
165,80;-11,75;-9,09;-6,55;0,00;0,00;0,00;Artwork1
165,81;-11,75;-9,09;-6,55;0,00;0,00;0,00;Artwork1
165,83;-11,75;-9,09;-6,55;0,00;0,00;0,00;Artwork1
165,84;-11,75;-9,09;-6,55;0,00;0,00;0,00;Artwork1
165,86;-11,75;-9,09;-6,55;0,00;0,00;0,00;Artwork1
165,87;-11,75;-9,09;-6,55;0,00;0,00;0,00;Artwork1
165,88;-11,75;-9,09;-6,55;0,00;0,00;0,00;Artwork1
165,90;-11,75;-9,09;-6,55;0,00;0,00;0,00;Artwork1
165,91;-11,75;-9,09;-6,55;0,00;0,00;0,00;Artwork1
165,92;-11,75;-9,09;-6,55;0,00;0,00;0,00;Artwork1
165,94;-11,75;-9,09;-6,55;0,00;0,00;0,00;Artwork1
165,95;-11,75;-9,09;-6,55;0,00;0,00;0,00;Artwork1
165,97;-11,75;-9,09;-6,55;0,00;0,00;0,00;Artwork1
165,98;-11,75;-9,09;-6,55;0,00;0,00;0,00;Artwork1
165,99;-11,75;-9,09;-6,55;0,00;0,00;0,00;Artwork1
166,01;-11,75;-9,09;-6,55;0,00;0,00;0,00;Artwork1
166,02;-11,75;-9,09;-6,55;0,00;0,00;0,00;none
166,04;-11,75;-9,09;-6,55;0,00;0,00;0,00;none
166,05;-11,75;-9,09;-6,55;0,00;0,00;0,00;none
166,06;-11,75;-9,09;-6,55;0,00;0,00;0,00;none
166,08;-11,75;-9,09;-6,55;0,00;0,00;0,00;none
166,09;-11,75;-9,09;-6,55;0,00;0,00;0,00;none
166,11;-11,75;-9,09;-6,55;0,00;0,00;0,00;none
166,12;-11,75;-9,09;-6,55;0,00;0,00;0,00;none
166,13;-11,75;-9,09;-6,55;0,00;0,00;0,00;none
166,15;-11,75;-9,09;-6,55;0,00;0,00;0,00;none
166,16;-11,75;-9,09;-6,55;0,00;0,00;0,00;none
166,18;-11,75;-9,09;-6,55;0,00;0,00;0,00;none
166,19;-11,75;-9,09;-6,55;0,00;0,00;0,00;none
166,20;-11,75;-9,09;-6,55;0,00;0,00;0,00;none
166,22;-11,75;-9,09;-6,55;0,00;0,00;0,00;none
166,23;-11,75;-9,09;-6,55;0,00;0,00;0,00;none
166,25;-11,75;-9,09;-6,55;0,00;0,00;0,00;none
166,26;-11,75;-9,09;-6,55;0,00;0,00;0,00;none
166,28;-11,75;-9,09;-6,55;0,00;0,00;0,00;none
166,29;-11,75;-9,09;-6,55;0,00;0,00;0,00;none
166,30;-11,75;-9,09;-6,55;0,00;0,00;0,00;none
166,32;-11,75;-9,09;-6,55;0,00;0,00;0,00;none
166,33;-11,75;-9,09;-6,55;0,00;0,00;0,00;none
166,35;-11,75;-9,09;-6,55;0,00;0,00;0,00;none
166,36;-11,75;-9,09;-6,55;0,00;0,00;0,00;none
166,38;-11,75;-9,09;-6,55;0,00;0,00;0,00;none
166,39;-11,75;-9,09;-6,55;0,00;0,00;0,00;none
166,41;-11,75;-9,09;-6,55;0,00;0,00;0,00;none
166,42;-11,75;-9,09;-6,55;0,00;0,00;0,00;none
166,44;-11,75;-9,09;-6,55;0,00;0,00;0,00;none
166,45;-11,75;-9,09;-6,55;0,00;0,00;0,00;none
166,47;-11,75;-9,09;-6,55;0,00;0,00;0,00;none
166,48;-11,75;-9,09;-6,55;0,00;0,00;0,00;none
166,49;-11,75;-9,09;-6,55;0,00;0,00;0,00;none
166,51;-11,75;-9,09;-6,55;0,00;0,00;0,00;none
166,52;-11,75;-9,09;-6,55;0,00;0,00;0,00;none
166,54;-11,75;-9,09;-6,55;0,00;0,00;0,00;none
166,55;-11,75;-9,09;-6,55;0,00;0,00;0,00;none
166,56;-11,75;-9,09;-6,55;0,00;0,00;0,00;none
166,58;-11,75;-9,09;-6,55;0,00;0,00;0,00;none
166,59;-11,75;-9,09;-6,55;0,00;0,00;0,00;none
166,61;-11,75;-9,09;-6,55;0,00;0,00;0,00;none
166,62;-11,75;-9,09;-6,55;0,00;0,00;0,00;none
166,63;-11,75;-9,09;-6,55;0,00;0,00;0,00;none
166,65;-11,75;-9,09;-6,55;0,00;0,00;0,00;none
166,66;-11,75;-9,09;-6,55;0,00;0,00;0,00;none
166,68;-11,75;-9,09;-6,55;0,00;0,00;0,00;none
166,69;-11,75;-9,09;-6,55;0,00;0,00;0,00;none
166,70;-11,75;-9,09;-6,55;0,00;0,00;0,00;none
166,72;-11,75;-9,09;-6,55;0,00;0,00;0,00;none
166,73;-11,75;-9,09;-6,55;0,00;0,00;0,00;none
166,75;-11,75;-9,09;-6,55;0,00;0,00;0,00;none
166,76;-11,75;-9,09;-6,55;0,00;0,00;0,00;none
166,77;-11,75;-9,09;-6,55;0,00;0,00;0,00;none
166,79;-11,75;-9,09;-6,55;0,00;0,00;0,00;Artwork1
166,80;-11,75;-9,09;-6,55;0,00;0,00;0,00;Artwork1
166,82;-11,75;-9,09;-6,55;0,00;0,00;0,00;Artwork1
166,83;-11,75;-9,09;-6,55;0,00;0,00;0,00;Artwork1
166,84;-11,75;-9,09;-6,55;0,00;0,00;0,00;Artwork1
166,86;-11,75;-9,09;-6,55;0,00;0,00;0,00;Artwork1
166,87;-11,75;-9,09;-6,55;0,00;0,00;0,00;Artwork1
166,89;-11,75;-9,09;-6,55;0,00;0,00;0,00;Artwork1
166,90;-11,75;-9,09;-6,55;0,00;0,00;0,00;Artwork1
166,91;-11,75;-9,09;-6,55;0,00;0,00;0,00;Artwork1
166,93;-11,75;-9,09;-6,55;0,00;0,00;0,00;Artwork1
166,94;-11,75;-9,09;-6,55;0,00;0,00;0,00;Artwork1
166,96;-11,75;-9,09;-6,55;0,00;0,00;0,00;Artwork1
166,97;-11,75;-9,09;-6,55;0,00;0,00;0,00;Artwork1
166,98;-11,75;-9,09;-6,55;0,00;0,00;0,00;Artwork1
167,00;-11,75;-9,09;-6,55;0,00;0,00;0,00;Artwork1
167,01;-11,75;-9,09;-6,55;0,00;0,00;0,00;Artwork1
167,02;-11,75;-9,09;-6,55;0,00;0,00;0,00;Artwork1
167,04;-11,75;-9,09;-6,55;0,00;0,00;0,00;Artwork1
167,05;-11,75;-9,09;-6,55;0,00;0,00;0,00;Artwork1
167,07;-11,75;-9,09;-6,55;0,00;0,00;0,00;Artwork1
167,08;-11,75;-9,09;-6,55;0,00;0,00;0,00;Artwork1
167,09;-11,75;-9,09;-6,55;0,00;0,00;0,00;Artwork1
167,11;-11,75;-9,09;-6,55;0,00;0,00;0,00;Artwork1
167,12;-11,75;-9,09;-6,55;0,00;0,00;0,00;Artwork1
167,14;-11,75;-9,09;-6,55;0,00;0,00;0,00;Artwork1
167,15;-11,75;-9,09;-6,55;0,00;0,00;0,00;Artwork1
167,16;-11,75;-9,09;-6,55;0,00;0,00;0,00;Artwork1
167,18;-11,75;-9,09;-6,55;0,00;0,00;0,00;Artwork1
167,19;-11,75;-9,09;-6,55;0,00;0,00;0,00;Artwork1
167,21;-11,75;-9,09;-6,55;0,00;0,00;0,00;Artwork1
167,22;-11,75;-9,09;-6,55;0,00;0,00;0,00;Artwork1
167,23;-11,75;-9,09;-6,55;0,00;0,00;0,00;Artwork1
167,25;-11,75;-9,09;-6,55;0,00;0,00;0,00;Artwork1
167,26;-11,75;-9,09;-6,55;0,00;0,00;0,00;Artwork1
167,28;-11,75;-9,09;-6,55;0,00;0,00;0,00;Artwork1
167,29;-11,75;-9,09;-6,55;0,00;0,00;0,00;Artwork1
167,30;-11,75;-9,09;-6,55;0,00;0,00;0,00;Artwork1
167,32;-11,75;-9,09;-6,55;0,00;0,00;0,00;Artwork1
167,33;-11,75;-9,09;-6,55;0,00;0,00;0,00;Artwork1
167,34;-11,75;-9,09;-6,55;0,00;0,00;0,00;Artwork1
167,36;-11,75;-9,09;-6,55;0,00;0,00;0,00;Artwork1
167,37;-11,75;-9,09;-6,55;0,00;0,00;0,00;Artwork1
167,39;-11,75;-9,09;-6,55;0,00;0,00;0,00;Artwork1
167,40;-11,75;-9,09;-6,55;0,00;0,00;0,00;Artwork1
167,41;-11,75;-9,09;-6,55;0,00;0,00;0,00;none
167,43;-11,75;-9,09;-6,55;0,00;0,00;0,00;none
167,44;-11,75;-9,09;-6,55;0,00;0,00;0,00;none
167,46;-11,75;-9,09;-6,55;0,00;0,00;0,00;none
167,47;-11,75;-9,09;-6,55;0,00;0,00;0,00;none
167,49;-11,75;-9,09;-6,55;0,00;0,00;0,00;none
167,50;-11,75;-9,09;-6,55;0,00;0,00;0,00;none
167,51;-11,75;-9,09;-6,55;0,00;0,00;0,00;none
167,53;-11,75;-9,09;-6,55;0,00;0,00;0,00;none
167,54;-11,75;-9,09;-6,55;0,00;0,00;0,00;none
167,55;-11,75;-9,09;-6,55;0,00;0,00;0,00;none
167,57;-11,75;-9,09;-6,55;0,00;0,00;0,00;none
167,58;-11,75;-9,09;-6,55;0,00;0,00;0,00;none
167,59;-11,75;-9,09;-6,55;0,00;0,00;0,00;none
167,61;-11,75;-9,09;-6,55;0,00;0,00;0,00;none
167,62;-11,75;-9,09;-6,55;0,00;0,00;0,00;none
167,64;-11,75;-9,09;-6,55;0,00;0,00;0,00;none
167,65;-11,75;-9,09;-6,55;0,00;0,00;0,00;none
167,66;-11,75;-9,09;-6,55;0,00;0,00;0,00;none
167,68;-11,75;-9,09;-6,55;0,00;0,00;0,00;none
167,69;-11,75;-9,09;-6,55;0,00;0,00;0,00;none
167,71;-11,75;-9,09;-6,55;0,00;0,00;0,00;none
167,72;-11,75;-9,09;-6,55;0,00;0,00;0,00;none
167,74;-11,75;-9,09;-6,55;0,00;0,00;0,00;none
167,75;-11,75;-9,09;-6,55;0,00;0,00;0,00;none
167,76;-11,75;-9,09;-6,55;0,00;0,00;0,00;none
167,78;-11,75;-9,09;-6,55;0,00;0,00;0,00;none
167,79;-11,75;-9,09;-6,55;0,00;0,00;0,00;none
167,80;-11,75;-9,09;-6,55;0,00;0,00;0,00;none
167,82;-11,75;-9,09;-6,55;0,00;0,00;0,00;none
167,83;-11,75;-9,09;-6,55;0,00;0,00;0,00;none
167,85;-11,75;-9,09;-6,55;0,00;0,00;0,00;none
167,86;-11,75;-9,09;-6,55;0,00;0,00;0,00;none
167,87;-11,75;-9,09;-6,55;0,00;0,00;0,00;none
167,89;-11,75;-9,09;-6,55;0,00;0,00;0,00;none
167,90;-11,75;-9,09;-6,55;0,00;0,00;0,00;none
167,92;-11,75;-9,09;-6,55;0,00;0,00;0,00;none
167,93;-11,75;-9,09;-6,55;0,00;0,00;0,00;none
167,94;-11,75;-9,09;-6,55;0,00;0,00;0,00;none
167,96;-11,75;-9,09;-6,55;0,00;0,00;0,00;none
167,97;-11,75;-9,09;-6,55;0,00;0,00;0,00;none
167,99;-11,75;-9,09;-6,55;0,00;0,00;0,00;none
168,00;-11,75;-9,09;-6,55;0,00;0,00;0,00;none
168,01;-11,75;-9,09;-6,55;0,00;0,00;0,00;none
168,03;-11,75;-9,09;-6,55;0,00;0,00;0,00;none
168,04;-11,75;-9,09;-6,55;0,00;0,00;0,00;none
168,05;-11,75;-9,09;-6,55;0,00;0,00;0,00;none
168,07;-11,75;-9,09;-6,55;0,00;0,00;0,00;none
168,08;-11,75;-9,09;-6,55;0,00;0,00;0,00;none
168,10;-11,75;-9,09;-6,55;0,00;0,00;0,00;none
168,11;-11,75;-9,09;-6,55;0,00;0,00;0,00;none
168,12;-11,75;-9,09;-6,55;0,00;0,00;0,00;none
168,14;-11,75;-9,09;-6,55;0,00;0,00;0,00;none
168,15;-11,75;-9,09;-6,55;0,00;0,00;0,00;none
168,17;-11,75;-9,09;-6,55;0,00;0,00;0,00;none
168,18;-11,75;-9,09;-6,55;0,00;0,00;0,00;none
168,19;-11,75;-9,09;-6,55;0,00;0,00;0,00;none
168,21;-11,75;-9,09;-6,55;0,00;0,00;0,00;none
168,22;-11,75;-9,09;-6,55;0,00;0,00;0,00;none
168,24;-11,75;-9,09;-6,55;0,00;0,00;0,00;none
168,25;-11,75;-9,09;-6,55;0,00;0,00;0,00;none
168,26;-11,75;-9,09;-6,55;0,00;0,00;0,00;none
168,28;-11,75;-9,09;-6,55;0,00;0,00;0,00;none
168,29;-11,75;-9,09;-6,55;0,00;0,00;0,00;none
168,31;-11,75;-9,09;-6,55;0,00;0,00;0,00;none
168,32;-11,75;-9,09;-6,55;0,00;0,00;0,00;none
168,33;-11,75;-9,09;-6,55;0,00;0,00;0,00;none
168,35;-11,75;-9,09;-6,55;0,00;0,00;0,00;none
168,36;-11,75;-9,09;-6,55;0,00;0,00;0,00;none
168,37;-11,75;-9,09;-6,55;0,00;0,00;0,00;none
168,39;-11,75;-9,09;-6,55;0,00;0,00;0,00;none
168,40;-11,75;-9,09;-6,55;0,00;0,00;0,00;none
168,42;-11,75;-9,09;-6,55;0,00;0,00;0,00;none
168,43;-11,75;-9,09;-6,55;0,00;0,00;0,00;none
168,44;-11,75;-9,09;-6,55;0,00;0,00;0,00;none
168,46;-11,75;-9,09;-6,55;0,00;0,00;0,00;none
168,47;-11,75;-9,09;-6,55;0,00;0,00;0,00;none
168,49;-11,75;-9,09;-6,55;0,00;0,00;0,00;none
168,50;-11,75;-9,09;-6,55;0,00;0,00;0,00;none
168,51;-11,75;-9,09;-6,55;0,00;0,00;0,00;none
168,53;-11,75;-9,09;-6,55;0,00;0,00;0,00;none
168,54;-11,75;-9,09;-6,55;0,00;0,00;0,00;none
168,56;-11,75;-9,09;-6,55;0,00;0,00;0,00;none
168,57;-11,75;-9,09;-6,55;0,00;0,00;0,00;none
168,58;-11,75;-9,09;-6,55;0,00;0,00;0,00;none
168,60;-11,75;-9,09;-6,55;0,00;0,00;0,00;none
168,61;-11,75;-9,09;-6,55;0,00;0,00;0,00;none
168,63;-11,75;-9,09;-6,55;0,00;0,00;0,00;none
168,64;-11,75;-9,09;-6,55;0,00;0,00;0,00;none
168,65;-11,75;-9,09;-6,55;0,00;0,00;0,00;none
168,67;-11,75;-9,09;-6,55;0,00;0,00;0,00;none
168,68;-11,75;-9,09;-6,55;0,00;0,00;0,00;none
168,70;-11,75;-9,09;-6,55;0,00;0,00;0,00;none
168,71;-11,75;-9,09;-6,55;0,00;0,00;0,00;none
168,72;-11,75;-9,09;-6,55;0,00;0,00;0,00;none
168,74;-11,75;-9,09;-6,55;0,00;0,00;0,00;none
168,75;-11,75;-9,09;-6,55;0,00;0,00;0,00;none
168,77;-11,75;-9,09;-6,55;0,00;0,00;0,00;none
168,78;-11,75;-9,09;-6,55;0,00;0,00;0,00;none
168,79;-11,75;-9,09;-6,55;0,00;0,00;0,00;none
168,81;-11,75;-9,09;-6,55;0,00;0,00;0,00;none
168,82;-11,75;-9,09;-6,55;0,00;0,00;0,00;none
168,83;-11,75;-9,09;-6,55;0,00;0,00;0,00;none
168,85;-11,75;-9,09;-6,55;0,00;0,00;0,00;none
168,86;-11,75;-9,09;-6,55;0,00;0,00;0,00;none
168,88;-11,75;-9,09;-6,55;0,00;0,00;0,00;none
168,89;-11,75;-9,09;-6,55;0,00;0,00;0,00;none
168,90;-11,75;-9,09;-6,55;0,00;0,00;0,00;none
168,92;-11,75;-9,09;-6,55;0,00;0,00;0,00;Artwork1
168,93;-11,75;-9,09;-6,55;0,00;0,00;0,00;Artwork1
168,95;-11,75;-9,09;-6,55;0,00;0,00;0,00;Artwork1
168,97;-11,75;-9,09;-6,55;0,00;0,00;0,00;Artwork1
168,98;-11,75;-9,09;-6,55;0,00;0,00;0,00;Artwork1
168,99;-11,75;-9,09;-6,55;0,00;0,00;0,00;Artwork1
169,00;-11,75;-9,09;-6,55;0,00;0,00;0,00;Artwork1
169,02;-11,75;-9,09;-6,55;0,00;0,00;0,00;Artwork1
169,03;-11,75;-9,09;-6,55;0,00;0,00;0,00;Artwork1
169,04;-11,75;-9,09;-6,55;0,00;0,00;0,00;Artwork1
169,06;-11,75;-9,09;-6,55;0,00;0,00;0,00;Artwork1
169,07;-11,75;-9,09;-6,55;0,00;0,00;0,00;Artwork1
169,09;-11,75;-9,09;-6,55;0,00;0,00;0,00;Artwork1
169,10;-11,75;-9,09;-6,55;0,00;0,00;0,00;Artwork1
169,11;-11,75;-9,09;-6,55;0,00;0,00;0,00;Artwork1
169,13;-11,75;-9,09;-6,55;0,00;0,00;0,00;Artwork1
169,14;-11,75;-9,09;-6,55;0,00;0,00;0,00;Artwork1
169,15;-11,75;-9,09;-6,55;0,00;0,00;0,00;Artwork1
169,17;-11,75;-9,09;-6,55;0,00;0,00;0,00;Artwork1
169,18;-11,75;-9,09;-6,55;0,00;0,00;0,00;Artwork1
169,20;-11,75;-9,09;-6,55;0,00;0,00;0,00;Artwork1
169,21;-11,75;-9,09;-6,55;0,00;0,00;0,00;Artwork1
169,22;-11,75;-9,09;-6,55;0,00;0,00;0,00;Artwork1
169,24;-11,75;-9,09;-6,55;0,00;0,00;0,00;Artwork1
169,25;-11,75;-9,09;-6,55;0,00;0,00;0,00;Artwork1
169,27;-11,75;-9,09;-6,55;0,00;0,00;0,00;Artwork1
169,28;-11,75;-9,09;-6,55;0,00;0,00;0,00;Artwork1
169,29;-11,75;-9,09;-6,55;0,00;0,00;0,00;Artwork1
169,31;-11,75;-9,09;-6,55;0,00;0,00;0,00;Artwork1
169,32;-11,75;-9,09;-6,55;0,00;0,00;0,00;Artwork1
169,33;-11,75;-9,09;-6,55;0,00;0,00;0,00;Artwork1
169,35;-11,75;-9,09;-6,55;0,00;0,00;0,00;Artwork1
169,36;-11,75;-9,09;-6,55;0,00;0,00;0,00;Artwork1
169,38;-11,75;-9,09;-6,55;0,00;0,00;0,00;Artwork1
169,39;-11,75;-9,09;-6,55;0,00;0,00;0,00;Artwork1
169,40;-11,75;-9,09;-6,55;0,00;0,00;0,00;Artwork1
169,42;-11,75;-9,09;-6,55;0,00;0,00;0,00;Artwork1
169,43;-11,75;-9,09;-6,55;0,00;0,00;0,00;Artwork1
169,45;-11,75;-9,09;-6,55;0,00;0,00;0,00;Artwork1
169,46;-11,75;-9,09;-6,55;0,00;0,00;0,00;Artwork1
169,47;-11,75;-9,09;-6,55;0,00;0,00;0,00;Artwork1
169,49;-11,75;-9,09;-6,55;0,00;0,00;0,00;Artwork1
169,50;-11,75;-9,09;-6,55;0,00;0,00;0,00;Artwork1
169,52;-11,75;-9,09;-6,55;0,00;0,00;0,00;Artwork1
169,53;-11,75;-9,09;-6,55;0,00;0,00;0,00;Artwork1
169,54;-11,75;-9,09;-6,55;0,00;0,00;0,00;Artwork1
169,56;-11,75;-9,09;-6,55;0,00;0,00;0,00;Artwork1
169,57;-11,75;-9,09;-6,55;0,00;0,00;0,00;Artwork1
169,59;-11,75;-9,09;-6,55;0,00;0,00;0,00;Artwork1
169,60;-11,75;-9,09;-6,55;0,00;0,00;0,00;Artwork1
169,61;-11,75;-9,09;-6,55;0,00;0,00;0,00;Artwork1
169,63;-11,75;-9,09;-6,55;0,00;0,00;0,00;Artwork1
169,64;-11,75;-9,09;-6,55;0,00;0,00;0,00;Artwork1
169,66;-11,75;-9,09;-6,55;0,00;0,00;0,00;Artwork1
169,67;-11,75;-9,09;-6,55;0,00;0,00;0,00;Artwork1
169,68;-11,75;-9,09;-6,55;0,00;0,00;0,00;Artwork1
169,70;-11,75;-9,09;-6,55;0,00;0,00;0,00;Artwork1
169,71;-11,75;-9,09;-6,54;0,00;0,00;0,01;Artwork1
169,72;-11,74;-9,09;-6,53;0,01;0,00;0,01;Artwork1
169,74;-11,73;-9,09;-6,51;0,01;0,00;0,02;Artwork1
169,75;-11,72;-9,09;-6,49;0,01;0,00;0,02;Artwork1
169,77;-11,71;-9,09;-6,47;0,01;0,00;0,02;Artwork1
169,78;-11,70;-9,09;-6,45;0,01;0,00;0,02;Artwork1
169,79;-11,69;-9,09;-6,42;0,01;0,00;0,02;Artwork1
169,81;-11,68;-9,09;-6,40;0,01;0,00;0,02;Artwork1
169,82;-11,66;-9,09;-6,38;0,01;0,00;0,02;Artwork1
169,84;-11,65;-9,09;-6,35;0,01;0,00;0,02;Artwork1
169,85;-11,64;-9,09;-6,33;0,01;0,00;0,02;Artwork1
169,86;-11,62;-9,09;-6,30;0,01;0,00;0,02;Artwork1
169,88;-11,61;-9,09;-6,28;0,01;0,00;0,02;Artwork1
169,89;-11,60;-9,09;-6,25;0,01;0,00;0,02;Artwork1
169,91;-11,58;-9,09;-6,23;0,01;0,00;0,02;Artwork1
169,92;-11,57;-9,09;-6,20;0,01;0,00;0,03;Artwork1
169,93;-11,56;-9,09;-6,18;0,01;0,00;0,02;Artwork1
169,95;-11,55;-9,09;-6,17;0,01;0,00;0,02;Artwork1
169,96;-11,54;-9,09;-6,16;0,00;0,00;0,01;Artwork1
169,98;-11,54;-9,09;-6,16;0,00;0,00;0,00;Artwork1
169,99;-11,54;-9,09;-6,16;0,00;0,00;0,00;Artwork1
170,00;-11,54;-9,09;-6,16;0,00;0,00;0,00;Artwork1
170,02;-11,54;-9,09;-6,16;0,00;0,00;0,00;Artwork1
170,03;-11,54;-9,09;-6,16;0,00;0,00;0,00;Artwork1
170,05;-11,54;-9,09;-6,16;0,00;0,00;0,00;Artwork1
170,06;-11,54;-9,09;-6,16;0,00;0,00;0,00;Artwork1
170,07;-11,54;-9,09;-6,16;0,00;0,00;0,00;Artwork1
170,09;-11,54;-9,09;-6,16;0,00;0,00;0,00;Artwork1
170,10;-11,54;-9,09;-6,16;0,00;0,00;0,00;Artwork1
170,12;-11,54;-9,09;-6,16;0,00;0,00;0,00;Artwork1
170,13;-11,54;-9,09;-6,16;0,00;0,00;0,00;Artwork1
170,14;-11,54;-9,09;-6,16;0,00;0,00;0,00;Artwork1
170,16;-11,54;-9,09;-6,16;0,00;0,00;0,00;Artwork1
170,17;-11,54;-9,09;-6,16;0,00;0,00;0,00;Artwork1
170,18;-11,54;-9,09;-6,16;0,00;0,00;0,00;Artwork1
170,20;-11,54;-9,09;-6,16;0,00;0,00;0,00;Artwork1
170,21;-11,54;-9,09;-6,16;0,00;0,00;0,00;Artwork1
170,23;-11,54;-9,09;-6,16;0,00;0,00;0,00;Artwork1
170,24;-11,54;-9,09;-6,16;0,00;0,00;0,00;Artwork1
170,25;-11,54;-9,09;-6,16;0,00;0,00;0,00;Artwork1
170,27;-11,54;-9,09;-6,16;0,00;0,00;0,00;Artwork1
170,28;-11,54;-9,09;-6,16;0,00;0,00;0,00;Artwork1
170,30;-11,54;-9,09;-6,16;0,00;0,00;0,00;Artwork1
170,31;-11,54;-9,09;-6,16;0,00;0,00;0,00;Artwork1
170,32;-11,54;-9,09;-6,16;0,00;0,00;0,00;Artwork1
170,34;-11,54;-9,09;-6,16;0,00;0,00;0,00;Artwork1
170,35;-11,54;-9,09;-6,16;0,00;0,00;0,00;Artwork1
170,37;-11,54;-9,09;-6,16;0,00;0,00;0,00;Artwork1
170,38;-11,54;-9,09;-6,16;0,00;0,00;0,00;Artwork1
170,39;-11,54;-9,09;-6,16;0,00;0,00;0,00;Artwork1
170,41;-11,54;-9,09;-6,16;0,00;0,00;0,00;Artwork1
170,42;-11,54;-9,09;-6,16;0,00;0,00;0,00;Artwork1
170,44;-11,54;-9,09;-6,16;0,00;0,00;0,00;Artwork1
170,45;-11,54;-9,09;-6,16;0,00;0,00;0,00;Artwork1
170,46;-11,54;-9,09;-6,16;0,00;0,00;0,00;Artwork1
170,48;-11,54;-9,09;-6,16;0,00;0,00;0,00;Artwork1
170,49;-11,54;-9,09;-6,16;0,00;0,00;0,00;Artwork1
170,51;-11,54;-9,09;-6,16;0,00;0,00;0,00;Artwork1
170,52;-11,54;-9,09;-6,16;0,00;0,00;0,00;Artwork1
170,53;-11,54;-9,09;-6,16;0,00;0,00;0,00;Artwork1
170,55;-11,54;-9,09;-6,16;0,00;0,00;0,00;Artwork1
170,56;-11,54;-9,09;-6,16;0,00;0,00;0,00;Artwork1
170,57;-11,54;-9,09;-6,16;0,00;0,00;0,00;Artwork1
170,59;-11,54;-9,09;-6,16;0,00;0,00;0,00;Artwork1
170,60;-11,54;-9,09;-6,16;0,00;0,00;0,00;Artwork1
170,62;-11,54;-9,09;-6,16;0,00;0,00;0,00;Artwork1
170,63;-11,54;-9,09;-6,16;0,00;0,00;0,00;Artwork1
170,64;-11,54;-9,09;-6,16;0,00;0,00;0,00;Artwork1
170,66;-11,54;-9,09;-6,16;0,00;0,00;0,00;Artwork1
170,67;-11,54;-9,09;-6,16;0,00;0,00;0,00;Artwork1
170,69;-11,54;-9,09;-6,16;0,00;0,00;0,00;Artwork1
170,70;-11,54;-9,09;-6,16;0,00;0,00;0,00;Artwork1
170,71;-11,54;-9,09;-6,16;0,00;0,00;0,00;Artwork1
170,73;-11,54;-9,09;-6,16;0,00;0,00;0,00;Artwork1
170,74;-11,54;-9,09;-6,16;0,00;0,00;0,00;Artwork1
170,76;-11,54;-9,09;-6,16;0,00;0,00;0,00;Artwork1
170,77;-11,54;-9,09;-6,16;0,00;0,00;0,00;Artwork1
170,78;-11,54;-9,09;-6,16;0,00;0,00;0,00;Artwork1
170,80;-11,54;-9,09;-6,16;0,00;0,00;0,00;Artwork1
170,81;-11,54;-9,09;-6,16;0,00;0,00;0,00;Artwork1
170,83;-11,54;-9,09;-6,16;0,00;0,00;0,00;Artwork1
170,84;-11,54;-9,09;-6,16;0,00;0,00;0,00;Artwork1
170,85;-11,54;-9,09;-6,16;0,00;0,00;0,00;Artwork1
170,87;-11,54;-9,09;-6,16;0,00;0,00;0,00;Artwork1
170,88;-11,54;-9,09;-6,16;0,00;0,00;0,00;Artwork1
170,89;-11,54;-9,09;-6,16;0,00;0,00;0,00;Artwork1
170,91;-11,54;-9,09;-6,16;0,00;0,00;0,00;Artwork1
170,92;-11,54;-9,09;-6,16;0,00;0,00;0,00;Artwork1
170,94;-11,54;-9,09;-6,16;0,00;0,00;0,00;Artwork1
170,95;-11,54;-9,09;-6,16;0,00;0,00;0,00;Artwork1
170,96;-11,54;-9,09;-6,16;0,00;0,00;0,00;Artwork1
170,98;-11,54;-9,09;-6,16;0,00;0,00;0,00;Artwork1
170,99;-11,54;-9,09;-6,16;0,00;0,00;0,00;Artwork1
171,01;-11,54;-9,09;-6,16;0,00;0,00;0,00;Artwork1
171,02;-11,54;-9,09;-6,16;0,00;0,00;0,00;Artwork1
171,03;-11,54;-9,09;-6,16;0,00;0,00;0,00;Artwork1
171,05;-11,54;-9,09;-6,16;0,00;0,00;0,00;Artwork1
171,06;-11,54;-9,09;-6,16;0,00;0,00;0,00;Artwork1
171,08;-11,54;-9,09;-6,16;0,00;0,00;0,00;Artwork1
171,09;-11,54;-9,09;-6,16;0,00;0,00;0,00;Artwork1
171,10;-11,54;-9,09;-6,16;0,00;0,00;0,00;Artwork1
171,12;-11,54;-9,09;-6,16;0,00;0,00;0,00;Artwork1
171,13;-11,54;-9,09;-6,16;0,00;0,00;0,00;Artwork1
171,15;-11,54;-9,09;-6,16;0,00;0,00;0,00;Artwork1
171,16;-11,54;-9,09;-6,16;0,00;0,00;0,00;Artwork1
171,17;-11,54;-9,09;-6,16;0,00;0,00;0,00;Artwork1
171,19;-11,54;-9,09;-6,16;0,00;0,00;0,00;Artwork1
171,20;-11,54;-9,09;-6,16;0,00;0,00;0,00;Artwork1
171,22;-11,54;-9,09;-6,16;0,00;0,00;0,00;Artwork1
171,23;-11,54;-9,09;-6,16;0,00;0,00;0,00;Artwork1
171,24;-11,55;-9,09;-6,16;-0,01;0,00;0,00;Artwork1
171,26;-11,56;-9,09;-6,16;-0,01;0,00;0,00;Artwork1
171,27;-11,57;-9,09;-6,16;-0,01;0,00;0,00;Artwork1
171,28;-11,58;-9,09;-6,16;-0,02;0,00;0,00;Artwork1
171,30;-11,60;-9,09;-6,16;-0,02;0,00;0,00;Artwork1
171,31;-11,63;-9,09;-6,16;-0,03;0,00;0,00;Artwork1
171,33;-11,66;-9,09;-6,17;-0,03;0,00;0,00;Artwork1
171,34;-11,68;-9,09;-6,17;-0,03;0,00;0,00;Artwork1
171,35;-11,71;-9,09;-6,17;-0,03;0,00;0,00;Artwork1
171,37;-11,74;-9,09;-6,17;-0,03;0,00;0,00;Artwork1
171,38;-11,77;-9,09;-6,17;-0,03;0,00;0,00;Artwork1
171,40;-11,80;-9,09;-6,18;-0,03;0,00;0,00;Artwork1
171,41;-11,82;-9,09;-6,18;-0,03;0,00;0,00;Artwork1
171,42;-11,85;-9,09;-6,18;-0,03;0,00;0,00;Artwork1
171,44;-11,88;-9,09;-6,18;-0,03;0,00;0,00;Artwork1
171,45;-11,91;-9,09;-6,19;-0,03;0,00;0,00;Artwork1
171,47;-11,93;-9,09;-6,19;-0,02;0,00;0,00;Artwork1
171,48;-11,96;-9,09;-6,19;-0,03;0,00;0,00;Artwork1
171,49;-11,99;-9,09;-6,20;-0,03;0,00;0,00;Artwork1
171,51;-12,02;-9,09;-6,20;-0,03;0,00;0,00;Artwork1
171,52;-12,04;-9,09;-6,20;-0,03;0,00;0,00;Artwork1
171,54;-12,07;-9,09;-6,20;-0,03;0,00;0,00;Artwork1
171,55;-12,10;-9,09;-6,20;-0,03;0,00;0,00;Artwork1
171,57;-12,13;-9,09;-6,20;-0,03;0,00;0,00;Artwork1
171,58;-12,16;-9,09;-6,20;-0,03;0,00;0,00;Artwork1
171,59;-12,18;-9,09;-6,19;-0,02;0,00;0,00;Artwork1
171,60;-12,21;-9,09;-6,18;-0,03;0,00;0,01;Artwork1
171,62;-12,24;-9,09;-6,18;-0,03;0,00;0,01;Artwork1
171,63;-12,26;-9,09;-6,16;-0,02;0,00;0,01;Artwork1
171,65;-12,28;-9,09;-6,15;-0,02;0,00;0,01;Artwork1
171,66;-12,31;-9,09;-6,14;-0,02;0,00;0,01;Artwork1
171,67;-12,33;-9,09;-6,12;-0,03;0,00;0,02;Artwork1
171,69;-12,36;-9,09;-6,11;-0,02;0,00;0,01;Artwork1
171,70;-12,38;-9,09;-6,09;-0,02;0,00;0,02;Artwork1
171,72;-12,40;-9,09;-6,08;-0,02;0,00;0,02;Artwork1
171,73;-12,43;-9,09;-6,06;-0,02;0,00;0,01;Artwork1
171,74;-12,45;-9,09;-6,05;-0,02;0,00;0,02;Artwork1
171,76;-12,47;-9,09;-6,03;-0,02;0,00;0,02;Artwork1
171,77;-12,50;-9,09;-6,01;-0,02;0,00;0,02;Artwork1
171,79;-12,52;-9,09;-6,00;-0,02;0,00;0,02;Artwork1
171,80;-12,54;-9,09;-5,98;-0,02;0,00;0,02;Artwork1
171,81;-12,56;-9,09;-5,96;-0,02;0,00;0,02;Artwork1
171,83;-12,58;-9,09;-5,94;-0,02;0,00;0,02;Artwork1
171,84;-12,60;-9,09;-5,92;-0,02;0,00;0,02;Artwork1
171,86;-12,62;-9,09;-5,90;-0,02;0,00;0,02;Artwork1
171,87;-12,64;-9,09;-5,88;-0,02;0,00;0,02;Artwork1
171,88;-12,66;-9,09;-5,86;-0,02;0,00;0,02;Artwork1
171,90;-12,67;-9,09;-5,84;-0,02;0,00;0,02;Artwork1
171,91;-12,69;-9,09;-5,83;-0,01;0,00;0,02;Artwork1
171,93;-12,70;-9,09;-5,81;-0,01;0,00;0,01;Artwork1
171,94;-12,71;-9,09;-5,80;-0,01;0,00;0,01;Artwork1
171,95;-12,71;-9,09;-5,80;0,00;0,00;0,00;Artwork1
171,97;-12,71;-9,09;-5,80;0,00;0,00;0,00;Artwork1
171,98;-12,71;-9,09;-5,80;0,00;0,00;0,00;Artwork1
171,99;-12,71;-9,09;-5,80;0,00;0,00;0,00;Artwork1
172,01;-12,71;-9,09;-5,80;0,00;0,00;0,00;Artwork1
172,02;-12,71;-9,09;-5,80;0,00;0,00;0,00;Artwork1
172,04;-12,71;-9,09;-5,80;0,00;0,00;0,00;Artwork1
172,05;-12,71;-9,09;-5,80;0,00;0,00;0,00;Artwork1
172,06;-12,71;-9,09;-5,80;0,00;0,00;0,00;Artwork1
172,08;-12,71;-9,09;-5,80;0,00;0,00;0,00;Artwork1
172,09;-12,71;-9,09;-5,80;0,00;0,00;0,00;Artwork1
172,11;-12,71;-9,09;-5,80;0,00;0,00;0,00;Artwork1
172,12;-12,71;-9,09;-5,80;0,00;0,00;0,00;Artwork1
172,14;-12,71;-9,09;-5,80;0,00;0,00;0,00;Artwork1
172,15;-12,71;-9,09;-5,80;0,00;0,00;0,00;Artwork1
172,16;-12,71;-9,09;-5,80;0,00;0,00;0,00;Artwork1
172,18;-12,71;-9,09;-5,80;0,00;0,00;0,00;Artwork1
172,19;-12,71;-9,09;-5,80;0,00;0,00;0,00;Artwork1
172,20;-12,71;-9,09;-5,80;0,00;0,00;0,00;Artwork1
172,22;-12,71;-9,09;-5,80;0,00;0,00;0,00;Artwork1
172,23;-12,71;-9,09;-5,80;0,00;0,00;0,00;Artwork1
172,25;-12,71;-9,09;-5,80;0,00;0,00;0,00;Artwork1
172,26;-12,71;-9,09;-5,79;0,00;0,00;0,01;Artwork1
172,27;-12,72;-9,09;-5,78;-0,01;0,00;0,01;Artwork1
172,29;-12,74;-9,09;-5,77;-0,02;0,00;0,01;Artwork1
172,30;-12,77;-9,09;-5,75;-0,02;0,00;0,02;Artwork1
172,32;-12,79;-9,09;-5,74;-0,02;0,00;0,02;Artwork1
172,33;-12,81;-9,09;-5,72;-0,02;0,00;0,02;Artwork1
172,34;-12,84;-9,09;-5,71;-0,02;0,00;0,01;Artwork1
172,36;-12,86;-9,09;-5,69;-0,02;0,00;0,02;Artwork1
172,37;-12,88;-9,09;-5,68;-0,02;0,00;0,01;Artwork1
172,39;-12,91;-9,09;-5,67;-0,02;0,00;0,01;Artwork1
172,40;-12,93;-9,09;-5,65;-0,03;0,00;0,01;Artwork1
172,41;-12,96;-9,09;-5,64;-0,02;0,00;0,01;Artwork1
172,43;-12,98;-9,09;-5,63;-0,02;0,00;0,01;Artwork1
172,44;-13,01;-9,09;-5,62;-0,03;0,00;0,01;Artwork1
172,45;-13,03;-9,09;-5,61;-0,03;0,00;0,01;Artwork1
172,47;-13,06;-9,09;-5,60;-0,03;0,00;0,01;Artwork1
172,48;-13,09;-9,09;-5,59;-0,03;0,00;0,01;Artwork1
172,50;-13,11;-9,09;-5,58;-0,03;0,00;0,01;Artwork1
172,51;-13,14;-9,09;-5,57;-0,03;0,00;0,01;Artwork1
172,52;-13,17;-9,09;-5,56;-0,03;0,00;0,01;Artwork1
172,54;-13,19;-9,09;-5,56;-0,03;0,00;0,01;Artwork1
172,55;-13,22;-9,09;-5,55;-0,03;0,00;0,01;Artwork1
172,57;-13,25;-9,09;-5,54;-0,03;0,00;0,01;Artwork1
172,58;-13,27;-9,09;-5,54;-0,03;0,00;0,01;Artwork1
172,59;-13,30;-9,09;-5,53;-0,03;0,00;0,01;Artwork1
172,61;-13,33;-9,09;-5,53;-0,03;0,00;0,01;Artwork1
172,62;-13,36;-9,09;-5,52;-0,03;0,00;0,01;Artwork1
172,64;-13,38;-9,09;-5,51;-0,02;0,00;0,01;Artwork1
172,65;-13,40;-9,09;-5,51;-0,02;0,00;0,00;Artwork1
172,66;-13,42;-9,09;-5,51;-0,02;0,00;0,00;Artwork1
172,68;-13,42;-9,09;-5,50;-0,01;0,00;0,00;Artwork1
172,69;-13,42;-9,09;-5,50;0,00;0,00;0,00;Artwork1
172,71;-13,42;-9,09;-5,50;0,00;0,00;0,00;Artwork1
172,72;-13,42;-9,09;-5,50;0,00;0,00;0,00;Artwork1
172,73;-13,42;-9,09;-5,50;0,00;0,00;0,00;Artwork1
172,75;-13,42;-9,09;-5,50;0,00;0,00;0,00;Artwork1
172,76;-13,42;-9,09;-5,50;0,00;0,00;0,00;Artwork1
172,77;-13,42;-9,09;-5,50;0,00;0,00;0,00;Artwork1
172,79;-13,42;-9,09;-5,50;0,00;0,00;0,00;Artwork1
172,80;-13,42;-9,09;-5,50;0,00;0,00;0,00;Artwork1
172,82;-13,42;-9,09;-5,50;0,00;0,00;0,00;Artwork1
172,83;-13,42;-9,09;-5,50;0,00;0,00;0,00;Artwork1
172,84;-13,42;-9,09;-5,50;0,00;0,00;0,00;Artwork1
172,86;-13,42;-9,09;-5,50;0,00;0,00;0,00;Artwork1
172,87;-13,42;-9,09;-5,50;0,00;0,00;0,00;Artwork1
172,89;-13,42;-9,09;-5,50;0,00;0,00;0,00;Artwork1
172,90;-13,42;-9,09;-5,50;0,00;0,00;0,00;Artwork1
172,91;-13,42;-9,09;-5,50;0,00;0,00;0,00;Artwork1
172,93;-13,42;-9,09;-5,50;0,00;0,00;0,00;Artwork1
172,94;-13,42;-9,09;-5,50;0,00;0,00;0,00;Artwork1
172,96;-13,42;-9,09;-5,50;0,00;0,00;0,00;Artwork1
172,97;-13,42;-9,09;-5,50;0,00;0,00;0,00;Artwork1
172,98;-13,42;-9,09;-5,50;0,00;0,00;0,00;Artwork1
173,00;-13,42;-9,09;-5,50;0,00;0,00;0,00;Artwork1
173,01;-13,42;-9,09;-5,50;0,00;0,00;0,00;Artwork1
173,03;-13,42;-9,09;-5,50;0,00;0,00;0,00;Artwork1
173,04;-13,42;-9,09;-5,50;0,00;0,00;0,00;Artwork1
173,06;-13,42;-9,09;-5,50;0,00;0,00;0,00;Artwork1
173,07;-13,42;-9,09;-5,50;0,00;0,00;0,00;Artwork1
173,08;-13,42;-9,09;-5,50;0,00;0,00;0,00;Artwork1
173,09;-13,42;-9,09;-5,50;0,00;0,00;0,00;Artwork1
173,11;-13,42;-9,09;-5,50;0,00;0,00;0,00;Artwork1
173,12;-13,42;-9,09;-5,50;0,00;0,00;0,00;Artwork1
173,14;-13,42;-9,09;-5,50;0,00;0,00;0,00;Artwork1
173,15;-13,42;-9,09;-5,50;0,00;0,00;0,00;Artwork1
173,16;-13,42;-9,09;-5,50;0,00;0,00;0,00;Artwork1
173,18;-13,42;-9,09;-5,50;0,00;0,00;0,00;Artwork1
173,19;-13,42;-9,09;-5,50;0,00;0,00;0,00;Artwork1
173,21;-13,42;-9,09;-5,50;0,00;0,00;0,00;Artwork1
173,22;-13,42;-9,09;-5,50;0,00;0,00;0,00;Artwork1
173,23;-13,42;-9,09;-5,50;0,00;0,00;0,00;Artwork1
173,25;-13,42;-9,09;-5,50;0,00;0,00;0,00;Artwork1
173,26;-13,42;-9,09;-5,50;0,00;0,00;0,00;Artwork1
173,28;-13,42;-9,09;-5,50;0,00;0,00;0,00;Artwork1
173,29;-13,42;-9,09;-5,50;0,00;0,00;0,00;Artwork1
173,30;-13,42;-9,09;-5,50;0,00;0,00;0,00;Artwork1
173,32;-13,42;-9,09;-5,50;0,00;0,00;0,00;Artwork1
173,33;-13,42;-9,09;-5,50;0,00;0,00;0,00;Artwork1
173,35;-13,42;-9,09;-5,50;0,00;0,00;0,00;Artwork1
173,36;-13,42;-9,09;-5,50;0,00;0,00;0,00;Artwork1
173,37;-13,42;-9,09;-5,50;0,00;0,00;0,00;Artwork1
173,39;-13,42;-9,09;-5,50;0,00;0,00;0,00;Artwork1
173,40;-13,42;-9,09;-5,50;0,00;0,00;0,00;Artwork1
173,41;-13,42;-9,09;-5,50;0,00;0,00;0,00;Artwork1
173,43;-13,42;-9,09;-5,50;0,00;0,00;0,00;Artwork1
173,44;-13,42;-9,09;-5,50;0,00;0,00;0,00;Artwork1
173,46;-13,42;-9,09;-5,50;0,00;0,00;0,00;Artwork1
173,47;-13,42;-9,09;-5,50;0,00;0,00;0,00;Artwork1
173,48;-13,42;-9,09;-5,50;0,00;0,00;0,00;Artwork1
173,50;-13,42;-9,09;-5,50;0,00;0,00;0,00;Artwork1
173,51;-13,42;-9,09;-5,50;0,00;0,00;0,00;Artwork1
173,53;-13,42;-9,09;-5,50;0,00;0,00;0,00;Artwork1
173,54;-13,42;-9,09;-5,50;0,00;0,00;0,00;Artwork1
173,55;-13,42;-9,09;-5,50;0,00;0,00;0,00;Artwork1
173,57;-13,42;-9,09;-5,50;0,00;0,00;0,00;Artwork1
173,58;-13,42;-9,09;-5,50;0,00;0,00;0,00;Artwork1
173,60;-13,42;-9,09;-5,50;0,00;0,00;0,00;Artwork1
173,61;-13,42;-9,09;-5,50;0,00;0,00;0,00;Artwork1
173,62;-13,42;-9,09;-5,50;0,00;0,00;0,00;Artwork1
173,64;-13,42;-9,09;-5,50;0,00;0,00;0,00;Artwork1
173,65;-13,42;-9,09;-5,50;0,00;0,00;0,00;Artwork1
173,67;-13,42;-9,09;-5,50;0,00;0,00;0,00;Artwork1
173,68;-13,42;-9,09;-5,50;0,00;0,00;0,00;Artwork1
173,69;-13,42;-9,09;-5,50;0,00;0,00;0,00;Artwork1
173,71;-13,42;-9,09;-5,50;0,00;0,00;0,00;Artwork1
173,72;-13,42;-9,09;-5,50;0,00;0,00;0,00;Artwork1
173,74;-13,42;-9,09;-5,50;0,00;0,00;0,00;Artwork1
173,75;-13,42;-9,09;-5,50;0,00;0,00;0,00;Artwork1
173,77;-13,42;-9,09;-5,50;0,00;0,00;0,00;Artwork1
173,78;-13,42;-9,09;-5,50;0,00;0,00;0,00;Artwork1
173,79;-13,42;-9,09;-5,50;0,00;0,00;0,00;Artwork1
173,80;-13,42;-9,09;-5,50;0,00;0,00;0,00;Artwork1
173,82;-13,42;-9,09;-5,50;0,00;0,00;0,00;Artwork1
173,83;-13,42;-9,09;-5,50;0,00;0,00;0,00;Artwork1
173,85;-13,41;-9,09;-5,50;0,01;0,00;0,00;Artwork1
173,86;-13,39;-9,09;-5,49;0,02;0,00;0,01;Artwork1
173,87;-13,37;-9,09;-5,48;0,02;0,00;0,01;Artwork1
173,89;-13,34;-9,09;-5,47;0,03;0,00;0,01;Artwork1
173,90;-13,31;-9,09;-5,46;0,03;0,00;0,01;Artwork1
173,92;-13,29;-9,09;-5,45;0,02;0,00;0,01;none
173,93;-13,26;-9,09;-5,45;0,03;0,00;0,01;none
173,94;-13,23;-9,09;-5,45;0,03;0,00;0,00;none
173,96;-13,21;-9,09;-5,44;0,03;0,00;0,00;none
173,97;-13,18;-9,09;-5,44;0,03;0,00;0,00;none
173,99;-13,15;-9,09;-5,44;0,03;0,00;0,00;none
174,00;-13,12;-9,09;-5,44;0,03;0,00;0,00;none
174,01;-13,09;-9,09;-5,43;0,03;0,00;0,00;none
174,03;-13,07;-9,09;-5,43;0,03;0,00;0,00;none
174,04;-13,04;-9,09;-5,43;0,03;0,00;0,00;none
174,06;-13,01;-9,09;-5,44;0,02;0,00;0,00;none
174,07;-12,98;-9,09;-5,44;0,03;0,00;0,00;none
174,08;-12,96;-9,09;-5,44;0,03;0,00;0,00;none
174,10;-12,93;-9,09;-5,44;0,03;0,00;0,00;none
174,11;-12,90;-9,09;-5,44;0,03;0,00;0,00;none
174,13;-12,87;-9,09;-5,44;0,03;0,00;0,00;none
174,14;-12,84;-9,09;-5,45;0,03;0,00;0,00;none
174,16;-12,82;-9,09;-5,45;0,03;0,00;0,00;none
174,17;-12,78;-9,09;-5,45;0,03;0,00;0,00;none
174,18;-12,76;-9,09;-5,45;0,03;0,00;0,00;none
174,19;-12,73;-9,09;-5,45;0,02;0,00;0,00;none
174,21;-12,71;-9,09;-5,46;0,03;0,00;0,00;none
174,23;-12,68;-9,09;-5,46;0,03;0,00;0,00;none
174,24;-12,65;-9,09;-5,46;0,03;0,00;0,00;none
174,25;-12,62;-9,09;-5,47;0,02;0,00;0,00;none
174,26;-12,60;-9,09;-5,47;0,03;0,00;0,00;none
174,28;-12,57;-9,09;-5,47;0,03;0,00;0,00;none
174,29;-12,54;-9,09;-5,47;0,03;0,00;0,00;none
174,31;-12,51;-9,09;-5,47;0,03;0,00;0,00;none
174,32;-12,49;-9,09;-5,47;0,03;0,00;0,00;none
174,33;-12,46;-9,09;-5,48;0,03;0,00;0,00;none
174,35;-12,43;-9,09;-5,48;0,03;0,00;0,00;none
174,36;-12,40;-9,09;-5,48;0,03;0,00;0,00;none
174,38;-12,37;-9,09;-5,48;0,03;0,00;0,00;none
174,39;-12,34;-9,09;-5,48;0,03;0,00;0,00;none
174,41;-12,32;-9,09;-5,48;0,02;0,00;0,00;none
174,42;-12,30;-9,09;-5,48;0,02;0,00;0,00;none
174,43;-12,30;-9,09;-5,48;0,00;0,00;0,00;none
174,45;-12,30;-9,09;-5,48;0,00;0,00;0,00;none
174,46;-12,30;-9,09;-5,48;0,00;0,00;0,00;none
174,47;-12,30;-9,09;-5,48;0,00;0,00;0,00;none
174,49;-12,30;-9,09;-5,48;0,00;0,00;0,00;none
174,50;-12,30;-9,09;-5,48;0,00;0,00;0,00;none
174,52;-12,30;-9,09;-5,48;0,00;0,00;0,00;none
174,53;-12,30;-9,09;-5,48;0,00;0,00;0,00;none
174,54;-12,30;-9,09;-5,48;0,00;0,00;0,00;none
174,56;-12,30;-9,09;-5,48;0,00;0,00;0,00;none
174,57;-12,30;-9,09;-5,48;0,00;0,00;0,00;none
174,58;-12,30;-9,09;-5,48;0,00;0,00;0,00;none
174,60;-12,30;-9,09;-5,48;0,00;0,00;0,00;none
174,61;-12,30;-9,09;-5,48;0,00;0,00;0,00;none
174,63;-12,30;-9,09;-5,48;0,00;0,00;0,00;none
174,64;-12,30;-9,09;-5,48;0,00;0,00;0,00;none
174,66;-12,30;-9,09;-5,48;0,00;0,00;0,00;none
174,67;-12,30;-9,09;-5,48;0,00;0,00;0,00;none
174,68;-12,30;-9,09;-5,48;0,00;0,00;0,00;none
174,70;-12,30;-9,09;-5,48;0,00;0,00;0,00;none
174,71;-12,30;-9,09;-5,48;0,00;0,00;0,00;none
174,72;-12,30;-9,09;-5,48;0,00;0,00;0,00;none
174,74;-12,30;-9,09;-5,48;0,00;0,00;0,00;none
174,75;-12,30;-9,09;-5,48;0,00;0,00;0,00;none
174,77;-12,30;-9,09;-5,48;0,00;0,00;0,00;none
174,78;-12,30;-9,09;-5,48;0,00;0,00;0,00;none
174,79;-12,30;-9,09;-5,48;0,00;0,00;0,00;none
174,81;-12,30;-9,09;-5,48;0,00;0,00;0,00;none
174,82;-12,30;-9,09;-5,48;0,00;0,00;0,00;none
174,84;-12,30;-9,09;-5,48;0,00;0,00;0,00;none
174,85;-12,30;-9,09;-5,48;0,00;0,00;0,00;none
174,86;-12,30;-9,09;-5,48;0,00;0,00;0,00;none
174,88;-12,30;-9,09;-5,48;0,00;0,00;0,00;none
174,89;-12,30;-9,09;-5,48;0,00;0,00;0,00;none
174,91;-12,30;-9,09;-5,48;0,00;0,00;0,00;none
174,92;-12,30;-9,09;-5,48;0,00;0,00;0,00;none
174,93;-12,30;-9,09;-5,48;0,00;0,00;0,00;none
174,95;-12,30;-9,09;-5,48;0,00;0,00;0,00;none
174,96;-12,30;-9,09;-5,48;0,00;0,00;0,00;none
174,98;-12,30;-9,09;-5,48;0,00;0,00;0,00;none
174,99;-12,30;-9,09;-5,48;0,00;0,00;0,00;none
175,00;-12,29;-9,09;-5,48;0,01;0,00;0,00;none
175,02;-12,29;-9,09;-5,48;0,01;0,00;0,00;none
175,03;-12,27;-9,09;-5,47;0,02;0,00;0,01;none
175,04;-12,26;-9,09;-5,46;0,02;0,00;0,01;none
175,06;-12,24;-9,09;-5,45;0,02;0,00;0,01;none
175,07;-12,22;-9,09;-5,43;0,02;0,00;0,02;none
175,09;-12,21;-9,09;-5,40;0,01;0,00;0,02;none
175,10;-12,19;-9,09;-5,38;0,01;0,00;0,03;none
175,12;-12,18;-9,09;-5,35;0,01;0,00;0,03;none
175,13;-12,17;-9,09;-5,32;0,01;0,00;0,03;none
175,14;-12,17;-9,09;-5,30;0,01;0,00;0,02;none
175,16;-12,16;-9,09;-5,27;0,01;0,00;0,03;none
175,17;-12,15;-9,09;-5,25;0,01;0,00;0,03;none
175,18;-12,14;-9,09;-5,22;0,01;0,00;0,03;none
175,20;-12,13;-9,09;-5,19;0,01;0,00;0,03;none
175,21;-12,12;-9,09;-5,17;0,01;0,00;0,03;none
175,23;-12,11;-9,09;-5,14;0,01;0,00;0,03;none
175,24;-12,11;-9,09;-5,11;0,01;0,00;0,03;none
175,25;-12,10;-9,09;-5,08;0,01;0,00;0,03;none
175,27;-12,09;-9,09;-5,06;0,01;0,00;0,03;none
175,28;-12,09;-9,09;-5,03;0,01;0,00;0,03;none
175,30;-12,08;-9,09;-5,00;0,01;0,00;0,03;none
175,31;-12,08;-9,09;-4,98;0,00;0,00;0,03;none
175,32;-12,07;-9,09;-4,95;0,00;0,00;0,03;none
175,34;-12,07;-9,09;-4,92;0,00;0,00;0,03;none
175,35;-12,07;-9,09;-4,89;0,00;0,00;0,03;none
175,37;-12,06;-9,09;-4,87;0,00;0,00;0,03;none
175,38;-12,06;-9,09;-4,84;0,00;0,00;0,03;none
175,39;-12,06;-9,09;-4,81;0,00;0,00;0,03;none
175,41;-12,06;-9,09;-4,78;0,00;0,00;0,03;none
175,42;-12,06;-9,09;-4,75;0,00;0,00;0,03;none
175,44;-12,06;-9,09;-4,73;0,00;0,00;0,03;none
175,45;-12,06;-9,09;-4,70;0,00;0,00;0,03;none
175,46;-12,06;-9,09;-4,67;0,00;0,00;0,03;none
175,48;-12,07;-9,09;-4,64;0,00;0,00;0,03;none
175,49;-12,07;-9,09;-4,61;0,00;0,00;0,03;none
175,50;-12,07;-9,09;-4,59;0,00;0,00;0,02;none
175,52;-12,07;-9,09;-4,56;0,00;0,00;0,03;none
175,53;-12,08;-9,09;-4,53;0,00;0,00;0,03;none
175,55;-12,08;-9,09;-4,51;0,00;0,00;0,03;none
175,56;-12,08;-9,09;-4,48;0,00;0,00;0,03;none
175,57;-12,09;-9,09;-4,45;0,00;0,00;0,03;none
175,59;-12,09;-9,09;-4,42;0,00;0,00;0,03;none
175,60;-12,10;-9,09;-4,39;0,00;0,00;0,03;none
175,62;-12,10;-9,09;-4,37;-0,01;0,00;0,03;none
175,63;-12,11;-9,09;-4,34;-0,01;0,00;0,03;none
175,64;-12,11;-9,09;-4,31;-0,01;0,00;0,03;none
175,66;-12,12;-9,09;-4,28;-0,01;0,00;0,03;none
175,67;-12,13;-9,09;-4,26;-0,01;0,00;0,03;none
175,69;-12,13;-9,09;-4,23;-0,01;0,00;0,03;none
175,70;-12,14;-9,09;-4,20;-0,01;0,00;0,03;none
175,71;-12,15;-9,09;-4,18;-0,01;0,00;0,03;none
175,73;-12,15;-9,09;-4,15;-0,01;0,00;0,03;none
175,74;-12,16;-9,09;-4,12;-0,01;0,00;0,03;none
175,76;-12,17;-9,09;-4,10;-0,01;0,00;0,03;none
175,77;-12,18;-9,09;-4,07;-0,01;0,00;0,03;none
175,78;-12,18;-9,09;-4,04;-0,01;0,00;0,03;none
175,80;-12,19;-9,09;-4,02;-0,01;0,00;0,03;none
175,81;-12,20;-9,09;-3,99;-0,01;0,00;0,03;none
175,83;-12,20;-9,09;-3,96;-0,01;0,00;0,03;none
175,84;-12,21;-9,09;-3,93;-0,01;0,00;0,03;none
175,85;-12,22;-9,09;-3,91;-0,01;0,00;0,03;none
175,87;-12,23;-9,09;-3,88;-0,01;0,00;0,03;none
175,88;-12,23;-9,09;-3,85;-0,01;0,00;0,03;none
175,89;-12,24;-9,09;-3,83;-0,01;0,00;0,03;none
175,91;-12,25;-9,09;-3,80;-0,01;0,00;0,03;none
175,92;-12,26;-9,09;-3,77;-0,01;0,00;0,03;none
175,94;-12,26;-9,09;-3,75;-0,01;0,00;0,03;none
175,95;-12,27;-9,09;-3,72;-0,01;0,00;0,03;none
175,96;-12,28;-9,09;-3,69;-0,01;0,00;0,03;none
175,98;-12,28;-9,09;-3,67;-0,01;0,00;0,03;none
175,99;-12,29;-9,09;-3,64;-0,01;0,00;0,03;none
176,01;-12,30;-9,09;-3,61;-0,01;0,00;0,03;none
176,02;-12,31;-9,09;-3,58;-0,01;0,00;0,03;none
176,03;-12,31;-9,09;-3,56;-0,01;0,00;0,03;none
176,05;-12,32;-9,09;-3,53;-0,01;0,00;0,03;none
176,06;-12,32;-9,09;-3,50;-0,01;0,00;0,03;none
176,08;-12,33;-9,09;-3,48;-0,01;0,00;0,03;none
176,09;-12,33;-9,09;-3,45;-0,01;0,00;0,03;none
176,10;-12,34;-9,09;-3,42;0,00;0,00;0,03;none
176,12;-12,34;-9,09;-3,39;0,00;0,00;0,03;none
176,13;-12,35;-9,09;-3,37;0,00;0,00;0,03;none
176,15;-12,35;-9,09;-3,34;0,00;0,00;0,03;none
176,16;-12,35;-9,09;-3,31;0,00;0,00;0,03;none
176,17;-12,36;-9,09;-3,28;0,00;0,00;0,03;none
176,19;-12,36;-9,09;-3,25;0,00;0,00;0,03;none
176,20;-12,36;-9,09;-3,23;0,00;0,00;0,03;none
176,22;-12,36;-9,09;-3,20;0,00;0,00;0,03;none
176,23;-12,36;-9,09;-3,17;0,00;0,00;0,03;none
176,24;-12,36;-9,09;-3,14;0,00;0,00;0,03;none
176,26;-12,35;-9,09;-3,11;0,00;0,00;0,03;none
176,27;-12,35;-9,09;-3,09;0,00;0,00;0,03;none
176,29;-12,35;-9,09;-3,06;0,00;0,00;0,03;none
176,30;-12,34;-9,09;-3,03;0,00;0,00;0,03;none
176,31;-12,34;-9,09;-3,00;0,00;0,00;0,03;none
176,33;-12,33;-9,09;-2,98;0,00;0,00;0,02;none
176,34;-12,33;-9,09;-2,95;0,01;0,00;0,03;none
176,35;-12,32;-9,09;-2,92;0,01;0,00;0,03;none
176,37;-12,32;-9,09;-2,90;0,01;0,00;0,03;none
176,38;-12,31;-9,09;-2,87;0,01;0,00;0,03;none
176,40;-12,31;-9,09;-2,84;0,01;0,00;0,03;none
176,41;-12,30;-9,09;-2,81;0,01;0,00;0,03;none
176,42;-12,29;-9,09;-2,79;0,01;0,00;0,03;none
176,44;-12,29;-9,09;-2,76;0,01;0,00;0,03;none
176,45;-12,28;-9,09;-2,73;0,01;0,00;0,03;none
176,47;-12,28;-9,09;-2,70;0,01;0,00;0,02;none
176,48;-12,27;-9,09;-2,68;0,01;0,00;0,03;none
176,49;-12,27;-9,09;-2,65;0,01;0,00;0,03;none
176,51;-12,26;-9,09;-2,62;0,01;0,00;0,03;none
176,52;-12,26;-9,09;-2,60;0,01;0,00;0,03;none
176,54;-12,25;-9,09;-2,57;0,01;0,00;0,03;none
176,55;-12,24;-9,09;-2,54;0,01;0,00;0,03;none
176,57;-12,24;-9,09;-2,51;0,01;0,00;0,03;none
176,58;-12,23;-9,09;-2,48;0,01;0,00;0,03;none
176,59;-12,23;-9,09;-2,46;0,00;0,00;0,02;none
176,61;-12,22;-9,09;-2,43;0,00;0,00;0,03;none
176,62;-12,22;-9,09;-2,40;0,00;0,00;0,03;none
176,63;-12,21;-9,09;-2,38;0,00;0,00;0,03;none
176,65;-12,21;-9,09;-2,35;0,00;0,00;0,03;none
176,66;-12,21;-9,09;-2,32;0,00;0,00;0,03;none
176,68;-12,20;-9,09;-2,29;0,00;0,00;0,03;none
176,69;-12,20;-9,09;-2,27;0,00;0,00;0,03;none
176,70;-12,19;-9,09;-2,23;0,00;0,00;0,03;none
176,72;-12,19;-9,09;-2,21;0,00;0,00;0,02;none
176,73;-12,19;-9,09;-2,18;0,00;0,00;0,03;none
176,75;-12,19;-9,09;-2,15;0,00;0,00;0,03;none
176,76;-12,18;-9,09;-2,13;0,00;0,00;0,03;none
176,77;-12,18;-9,09;-2,10;0,00;0,00;0,03;none
176,83;-12,18;-9,09;-2,07;0,00;0,00;0,03;none
